branch,date,hash,base,entropy_growth,stabilization_ratio,semantic_churn,governance_density,causality_depth,authority_consolidation_index,ontology_expansion_rate,hidden_state_elimination_score,runtime_pressure_index,refactor_intensity,protocolization_growth,systemic_coherence_score,systemic_coherence_trend,coherence_delta,phase,unstable_domains
V.0.1_alfa1,2026-03-15T22:08:03+07:00,d17cc3357ac875ed418b7d0ed89e74ce856d2c48,d17cc3357ac875ed418b7d0ed89e74ce856d2c48~1,55.99,16.65,24.37,16.88,10.29,14.70,5.31,18.17,48.52,29.11,0.00,25.10,50.00,0.00,Transitional Synthesis,runtime_core
V.0.2_alfa1,2026-03-18T22:45:18+07:00,a5600a6dec68b3ce80cd2beeb33a4c974222f5bb,d17cc3357ac875ed418b7d0ed89e74ce856d2c48,35.48,39.35,34.29,17.86,29.32,40.69,15.64,90.54,52.65,92.52,0.00,47.10,82.99,21.99,Refactor Compression,runtime_core
V.0.3A_alfa1,2026-03-19T20:36:19+07:00,4a1462872a0e357b53e5a3df012cc7bd61f87a62,a5600a6dec68b3ce80cd2beeb33a4c974222f5bb,56.55,15.73,30.48,5.00,41.75,18.72,20.99,11.99,55.91,10.94,2.73,21.26,11.24,-25.84,Transitional Synthesis,runtime_core
V.0.4A_alfa2,2026-03-22T16:38:50+07:00,e42924269711128e956c24d243916b9f6cb5eb2f,4a1462872a0e357b53e5a3df012cc7bd61f87a62,64.33,15.87,41.30,17.25,32.02,17.14,18.96,18.58,60.91,26.29,0.83,20.54,48.93,-0.72,Transitional Synthesis,runtime_core
V.0.4.2,2026-03-22T20:34:26+07:00,1108b07011346f073b24ff28bcb8cfc145301ba6,e42924269711128e956c24d243916b9f6cb5eb2f,44.64,36.40,41.63,18.82,44.54,38.04,13.31,74.60,53.24,71.48,15.29,43.97,85.15,23.43,Refactor Compression,runtime_core
V.0.4.3,2026-03-28T23:08:50+07:00,d756ee25498dd8dd561ac28dd3b7a1bace5beb73,1108b07011346f073b24ff28bcb8cfc145301ba6,59.87,18.34,87.58,15.60,36.97,20.09,29.57,49.27,74.97,53.76,0.00,18.34,11.56,-25.63,Transitional Synthesis,runtime_core
V.0.4.4.1,2026-04-02T22:14:55+07:00,ce7223434da40202d83c2eb7d65bf46f3cb0fca0,d756ee25498dd8dd561ac28dd3b7a1bace5beb73,62.39,17.94,51.25,2.32,33.23,27.56,20.54,26.02,58.70,34.31,3.18,21.77,55.14,3.42,Transitional Synthesis,runtime_core|memory
V.0.5.0.1,2026-04-04T22:01:24+07:00,779571710d0e89707548f921418fb1dfd7389ea9,ce7223434da40202d83c2eb7d65bf46f3cb0fca0,66.29,15.99,63.33,11.40,16.13,51.49,14.40,38.50,65.57,46.00,0.00,25.75,55.97,3.98,Transitional Synthesis,runtime_core|memory|authority
V.0.5.0.2,2026-04-07T02:28:52+07:00,f27371620eaa749ae51814b3d059e6a5967dfefa,779571710d0e89707548f921418fb1dfd7389ea9,65.64,21.43,50.90,0.00,42.62,19.62,32.80,13.67,53.57,21.75,6.77,20.03,41.42,-5.72,Transitional Synthesis,runtime_core|memory
V.0.5.0.3,2026-04-07T23:04:51+07:00,49058eef23d9f65089ac623c783ed35afa2711fb,f27371620eaa749ae51814b3d059e6a5967dfefa,71.62,19.51,25.66,5.00,55.74,7.57,19.31,5.45,53.76,10.89,5.62,18.88,48.28,-1.15,Entropy Surge,spatial|runtime_core
V.0.5.0.4,2026-04-09T14:50:01+07:00,e879174321c22998492d232eaeba269d3b1bc8ee,49058eef23d9f65089ac623c783ed35afa2711fb,55.01,33.01,74.39,28.08,35.69,36.73,28.49,62.88,60.89,71.98,4.11,34.47,73.38,15.59,Refactor Compression,runtime_core
V.0.5.0.5,2026-04-10T01:24:54+07:00,355900390edd37ece4f37af287a8abd40fb7c1ec,e879174321c22998492d232eaeba269d3b1bc8ee,40.98,36.56,41.34,24.62,10.14,30.19,7.61,63.29,46.81,72.12,1.50,41.10,59.95,6.63,Refactor Compression,runtime_core
V.0.5.0.6,2026-04-11T00:17:16+07:00,dbf79074888be55b6076b50d354f8bf94ff540b5,355900390edd37ece4f37af287a8abd40fb7c1ec,64.82,23.44,54.40,7.54,12.94,33.73,15.45,31.91,52.78,41.31,4.34,26.67,28.34,-14.44,Transitional Synthesis,runtime_core|presentation
V.0.5.0.7,2026-04-12T23:59:49+07:00,8d2da56c5643fd81afdda2be675f366ad5cf65b6,dbf79074888be55b6076b50d354f8bf94ff540b5,71.45,21.08,50.08,12.26,33.50,20.11,31.24,14.93,59.05,22.54,16.64,22.08,43.13,-4.58,Entropy Surge,runtime_core|presentation
V.0.5.0.8,2026-04-15T03:33:12+07:00,9daf3b357ddba5ace89eb6815fa2111895aea0ce,8d2da56c5643fd81afdda2be675f366ad5cf65b6,75.40,19.62,61.03,9.85,23.83,23.38,33.82,17.42,58.18,23.98,7.75,19.50,46.12,-2.59,Entropy Surge,runtime_core|spatial
V.0.5.0.9,2026-04-19T02:38:39+07:00,690bc7c82a568eb4c8ca595213ee76ee809a8b49,9daf3b357ddba5ace89eb6815fa2111895aea0ce,53.89,5.98,54.74,0.35,8.83,12.31,40.14,4.71,58.01,12.83,1.36,12.52,39.54,-6.98,Transitional Synthesis,spatial
V.0.5.1.0_Починил_ллм,2026-04-22T20:52:51+07:00,ca87268e8d63367871467a724daa72f4e0d04b53,690bc7c82a568eb4c8ca595213ee76ee809a8b49,67.49,19.89,70.23,5.00,40.96,30.97,28.70,31.02,65.92,40.25,9.29,20.92,62.60,8.40,Transitional Synthesis,runtime_core|presentation
V.0.5.1.1_Встроил_ТИК_ТАК,2026-04-23T22:46:23+07:00,d3963486c9e078d3ced32e3f55f5124bb8ab14a2,ca87268e8d63367871467a724daa72f4e0d04b53,58.90,13.78,27.28,7.33,11.45,19.44,7.65,12.40,52.39,21.42,1.50,21.92,51.51,1.00,Transitional Synthesis,runtime_core|memory
V.0.5.1.2_Встроил_ПАМЯТЬ_0.1и0.2,2026-04-25T00:41:01+07:00,7eb260b9c2b54aa79de4483b4382de3b53c98de3,d3963486c9e078d3ced32e3f55f5124bb8ab14a2,60.07,8.54,36.39,2.34,13.34,26.05,12.60,18.17,58.78,25.03,0.00,19.47,46.32,-2.46,Transitional Synthesis,runtime_core
V.0.5.1.3_Встроил_Кратковременную_память,2026-04-25T13:46:47+07:00,c2aa3b50caf23a75581b3245fc563226e143bd9e,7eb260b9c2b54aa79de4483b4382de3b53c98de3,56.66,11.30,31.62,3.14,10.89,21.44,9.06,16.74,56.41,26.11,6.29,21.42,52.93,1.96,Transitional Synthesis,runtime_core|memory
V.0.5.1.4_Начал_чинить_GAME_LOOP,2026-04-26T10:52:13+07:00,5a65152d37056237b633f899f342bec83581dfc2,c2aa3b50caf23a75581b3245fc563226e143bd9e,66.91,30.39,45.01,57.50,32.98,11.00,37.06,11.92,55.73,19.00,13.12,30.06,62.95,8.63,Transitional Synthesis,runtime_core
V.0.5.1.5_Продолжаю_починку_игры,2026-04-26T23:42:59+07:00,daf3054294abed664c40b688ee56c61c67c15d13,5a65152d37056237b633f899f342bec83581dfc2,78.04,28.64,92.78,44.26,31.40,25.58,46.04,49.58,73.91,43.50,23.36,27.62,46.34,-2.44,Entropy Surge,runtime_core|presentation
V.0.5.1.6_Продолжаю_починку_2,2026-04-28T00:30:45+07:00,e55c5bd0e89ea222ceee996737300bfca7ecfdb9,daf3054294abed664c40b688ee56c61c67c15d13,52.32,28.72,65.66,16.54,12.09,32.06,9.54,50.36,54.30,59.64,8.27,31.98,56.55,4.37,Transitional Synthesis,runtime_core|spatial
V.0.5.1.7_Продолжаю_починку_3,2026-04-28T21:43:18+07:00,0e266f6a57b0b8836b2feec9756c485e389b53d5,e55c5bd0e89ea222ceee996737300bfca7ecfdb9,55.58,22.22,53.10,20.48,13.66,33.38,5.57,42.00,56.74,50.18,0.00,29.46,46.22,-2.52,Transitional Synthesis,runtime_core
V.0.5.1.8_Продолжаю_починку_4,2026-04-30T00:05:08+07:00,75373bdd76d7e7a041f3470047bb49c6dd29cd2a,0e266f6a57b0b8836b2feec9756c485e389b53d5,70.28,16.44,60.85,10.49,46.07,19.42,35.34,28.60,70.20,34.91,11.48,18.61,33.73,-10.85,Entropy Surge,runtime_core|spatial|temporal
V.0.5.1.9_Продолжаю_починку_5,2026-04-30T23:29:42+07:00,d11d8772cf3e8010386327bd3de93eeb215099f7,75373bdd76d7e7a041f3470047bb49c6dd29cd2a,64.31,24.54,46.68,0.00,14.73,18.70,25.49,30.02,56.39,35.46,30.02,26.70,62.13,8.09,Transitional Synthesis,runtime_core|spatial|memory
V.0.5.2.0_Починил_запуск_игры,2026-05-01T15:27:42+07:00,050bbb221574b96fa7b3816c1a62de8c89b01067,d11d8772cf3e8010386327bd3de93eeb215099f7,71.00,23.17,56.74,16.43,33.98,19.62,22.74,30.92,62.76,36.93,17.71,24.27,46.36,-2.43,Entropy Surge,runtime_core|memory|spatial
V.0.5.2.1_Пора_сломать_DecisionHub,2026-05-01T21:14:01+07:00,fd78c6d1b8ce2bec74c434d203c7ffb5e6ebe265,050bbb221574b96fa7b3816c1a62de8c89b01067,20.77,22.71,36.26,5.76,5.02,34.69,8.54,33.50,45.10,41.02,0.40,34.02,64.62,9.75,Transitional Synthesis,presentation
V.0.5.2.2_Почти_почти,2026-05-02T19:54:35+07:00,ebca2f1f5d6028ef8658c1f9531ce67e64b88ba1,fd78c6d1b8ce2bec74c434d203c7ffb5e6ebe265,64.70,19.90,67.32,8.26,53.01,31.76,26.72,39.39,73.12,47.51,18.33,23.51,34.25,-10.50,Transitional Synthesis,runtime_core|temporal|spatial
V.0.5.2.3_Почти_почти_2,2026-05-02T23:12:53+07:00,7561e9b0c18a2ce3fbbb1abacd9205d9403c0c2f,ebca2f1f5d6028ef8658c1f9531ce67e64b88ba1,70.18,18.69,81.61,7.75,50.18,22.98,20.79,43.63,75.36,48.95,7.26,17.69,41.26,-5.82,Entropy Surge,runtime_core|temporal|presentation
V.0.5.2.4_Почти_почти_3,2026-05-03T22:36:32+07:00,953c1ad829554e0aebae533f122739beaa01ee66,7561e9b0c18a2ce3fbbb1abacd9205d9403c0c2f,71.65,24.81,72.38,28.17,50.60,28.00,22.97,40.19,72.08,46.72,15.89,25.61,61.88,7.92,Entropy Surge,runtime_core|spatial|temporal
V.0.5.2.5_Почти_почти_4,2026-05-04T22:24:23+07:00,a65718c42b79972122dc656b0f124c79fa9570e0,953c1ad829554e0aebae533f122739beaa01ee66,61.01,25.01,79.54,18.00,58.05,33.39,20.45,53.78,73.10,60.32,13.64,26.94,51.99,1.33,Transitional Synthesis,runtime_core|spatial|temporal
V.0.5.2.6_Почти_почти_5,2026-05-05T23:34:37+07:00,f36cd1f9be1e47f712975519c76662b0be6f148a,a65718c42b79972122dc656b0f124c79fa9570e0,60.59,38.21,49.79,39.46,39.44,27.24,15.96,35.38,48.70,41.08,13.55,37.46,65.77,10.51,Transitional Synthesis,runtime_core|spatial
V.0.5.2.7_Почти_почти_6,2026-05-06T22:00:09+07:00,188a239360ed75f28830bd5c001d03b657263783,f36cd1f9be1e47f712975519c76662b0be6f148a,47.58,51.50,51.92,39.64,41.76,32.89,11.23,60.63,38.80,69.29,22.62,49.91,68.68,12.46,Refactor Compression,
V.0.5.2.8_Почти_почти_7,2026-05-07T23:39:57+07:00,36c1eeede810cba68442fb9d19ff29f703749b7d,188a239360ed75f28830bd5c001d03b657263783,67.89,26.64,42.57,30.51,56.76,17.95,23.40,20.56,59.44,26.35,15.83,27.69,16.66,-22.22,Transitional Synthesis,runtime_core|presentation|spatial
V.0.5.2.9_СМЕНИЛ_подход,2026-05-08T23:12:23+07:00,11e17af7cb72f8fc4dd84053100345760884a3c7,36c1eeede810cba68442fb9d19ff29f703749b7d,65.73,32.03,45.05,36.00,62.46,32.21,29.55,27.65,59.55,34.84,29.64,35.75,62.09,8.06,Transitional Synthesis,runtime_core|spatial|temporal
V.0.5.3.0.1_НОВАЯ_РЕАЛЬНОСТЬ_1,2026-05-10T01:23:32+07:00,e4ddc7bf8a85a72dd6b7313b1aaf03c0d731803d,11e17af7cb72f8fc4dd84053100345760884a3c7,71.73,22.75,51.22,18.62,54.68,17.23,32.11,21.49,64.80,28.73,20.83,23.29,31.32,-12.46,Entropy Surge,runtime_core|presentation
V.0.5.3.0.2_НОВАЯ_РЕАЛЬНОСТЬ_2,2026-05-11T00:17:38+07:00,040ba2b26c6e135171d9eaae09617fbf218500ef,e4ddc7bf8a85a72dd6b7313b1aaf03c0d731803d,71.88,27.03,77.06,35.71,62.01,30.73,24.36,43.91,72.81,52.90,27.86,29.48,59.29,6.19,Entropy Surge,causal|runtime_core|ontology
V.0.5.3.0.3_НОВАЯ_РЕАЛЬНОСТЬ_3,2026-05-12T01:24:42+07:00,6fdc50b0c9a2b876f4d96ea5a38b1016a12a10bc,040ba2b26c6e135171d9eaae09617fbf218500ef,72.38,26.34,65.52,13.50,65.04,14.34,43.31,23.10,63.52,29.33,22.19,21.74,38.38,-7.75,Entropy Surge,runtime_core|presentation
V.0.5.3.0.4_ПЕСОЧНИЦЫ_1,2026-05-12T22:50:40+07:00,f0088b0f571f932e4d5be402a013194dcb0ca21f,6fdc50b0c9a2b876f4d96ea5a38b1016a12a10bc,65.58,43.45,35.60,56.11,67.83,10.82,20.30,19.59,45.13,19.34,15.49,37.75,74.02,16.01,Transitional Synthesis,
V.0.5.3.0.5_ПЕСОЧНИЦЫ_2,2026-05-14T01:33:49+07:00,de2afff4fd26984f1cdc9accee5120c3d94e587b,f0088b0f571f932e4d5be402a013194dcb0ca21f,65.21,35.83,55.53,57.50,65.03,21.92,32.42,31.89,62.81,37.11,26.11,36.17,47.63,-1.58,Causal Stress Integration,runtime_core|causal
V.0.5.3.0.6_ПЕСОЧНИЦЫ_3,2026-05-14T23:53:39+07:00,7818e88b0670b6b33210ac35af12beaf1a5e8853,de2afff4fd26984f1cdc9accee5120c3d94e587b,68.65,38.31,57.04,75.56,66.41,16.74,26.93,27.10,54.82,32.08,5.53,35.58,49.10,-0.60,Entropy Surge,spatial|runtime_core
